Area,Check,Pass/Fail,Notes
Technical,Site served over HTTPS with no mixed content,,
Technical,robots.txt does not block important pages,,
Technical,XML sitemap submitted in Search Console,,
Technical,Important pages indexed (Search Console Pages report),,
Technical,Canonical tags point to preferred URLs,,
Technical,No redirect chains or 4xx on internal links,,
Technical,Core Web Vitals pass for mobile,,
Technical,Mobile-friendly layout,,
On-page,Unique title tag and meta description per page,,
On-page,One descriptive H1 per page,,
On-page,Logical heading hierarchy,,
On-page,Descriptive image alt text,,
On-page,Clean readable URLs,,
Content,Each priority page matches a clear search intent,,
Content,Content adds original insight / data / experience,,
Content,Author and last-updated information shown,,
Content,Internal links connect related pages,,
Authority,Earned links from relevant sites,,
Authority,Consistent business information across profiles,,
AI search,Direct answers near the top of key pages,,
AI search,Organization / Article / FAQ schema where eligible,,
AI search,Sources cited for statistics,,
