KPI,Definition,Formula,Frequency,Owner,Target,This period,Last period,Change
Spend,Total media spend,Sum of platform spend,Weekly,,,,,
Impressions,Times ads were shown,Platform reported,Weekly,,,,,
Clicks,Clicks on ads,Platform reported,Weekly,,,,,
CTR,Click-through rate,Clicks / Impressions x 100,Weekly,,,,,
CPC,Cost per click,Spend / Clicks,Weekly,,,,,
Leads,Form fills / calls / chats,CRM count by source,Weekly,,,,,
CPL,Cost per lead,Spend / Leads,Weekly,,,,,
Qualified leads,Leads meeting agreed criteria,CRM count,Weekly,,,,,
Cost per qualified lead,,Spend / Qualified leads,Weekly,,,,,
Customers,New customers from marketing,CRM count,Monthly,,,,,
CAC,Customer acquisition cost,(Marketing + sales cost) / New customers,Monthly,,,,,
Revenue,Revenue from marketing-sourced customers,CRM / finance,Monthly,,,,,
ROAS,Return on ad spend,Revenue / Spend,Monthly,,,,,
Break-even ROAS,ROAS needed to cover margin,1 / Gross margin %,Quarterly,,,,,
