Area,Check,Done?,Notes
Tracking,Primary conversions reflect real business outcomes,,
Tracking,Enhanced conversions enabled,,
Tracking,Offline conversions imported from CRM,,
Structure,Brand and non-brand separated,,
Structure,PMax brand exclusions configured,,
Queries,Search terms reviewed weekly,,
Queries,Negative keyword lists maintained,,
Ads,Responsive search ads with distinct headlines,,
Ads,Assets / extensions complete,,
Landing pages,Message match between query ad and page,,
Landing pages,Mobile speed checked,,
Bidding,Bid strategy matches data volume,,
Budget,Lost impression share (budget) reviewed,,
Reporting,Cost per qualified lead tracked,,
